[{"model": "app.authusermodel", "fields": {"password": "pbkdf2_sha256$720000$4D0YTCbQyJ7K4dxfcFdKNQ$CmNspjDbPU0FgqDhWeSMnCPMzfOlzKj/eKnKHP2o5oY=", "last_login": null, "email": "user@gmail.com", "first_name": "dunamiswinner", "last_name": "dunaiswinner", "username": "6787", "date_created": "2024-10-22T13:35:04.651Z", "last_updated": "2024-10-22T13:35:04.651Z", "country": "NIgeria", "is_active": true}}, {"model": "app.userprofile", "pk": "592e8824-c766-4ee9-8126-2a48df60795b", "fields": {"user": ["user@gmail.com"], "bio": "coding is fun to me and i love it so much", "interests": ["coding"], "profile_image": "", "cover_image": "cover_images/woman_1_PSDy1iv.png", "socials": {"facebook": "https://localhost:900", "instagram": "inst:/0992392"}, "paymentDetails": {}}}, {"model": "app.sponsors", "pk": "44b0a37b-3d3b-4e8b-aaa3-d9ec6b31f2fd", "fields": {"date_created": "2024-10-22T13:57:52.596Z", "email": "dunami@gmail.com", "otp": "107296", "otp_created": "2024-10-22", "username": "dunami", "is_authenticated": true}}, {"model": "app.category", "pk": "0762049a-a252-4848-b1f4-ae827b9bbe10", "fields": {"date_created": "2024-10-28T20:44:28.839Z", "name": "ima"}}, {"model": "app.category", "pk": "0b62a9c4-31df-445d-9eb9-0ade5f8efd3b", "fields": {"date_created": "2024-10-28T20:02:06.010Z", "name": "6"}}, {"model": "app.category", "pk": "1a76b6dd-e0e1-40fc-b2ed-06b2dbd4066c", "fields": {"date_created": "2024-10-28T20:02:06.009Z", "name": "5"}}, {"model": "app.category", "pk": "1cb79fe9-e227-4b2e-8b56-f28ca29a4008", "fields": {"date_created": "2024-10-28T20:07:54.439Z", "name": "dunamis"}}, {"model": "app.category", "pk": "3acd6ca2-c098-4d21-ad26-10276948bed5", "fields": {"date_created": "2024-10-28T20:02:06.006Z", "name": "3"}}, {"model": "app.category", "pk": "49994b92-dd37-4178-afff-3d30fe612388", "fields": {"date_created": "2024-10-28T20:02:05.967Z", "name": "2"}}, {"model": "app.category", "pk": "5947a09c-9ffe-4af8-9552-ee4e71be8935", "fields": {"date_created": "2024-10-28T20:02:06.007Z", "name": "4"}}, {"model": "app.category", "pk": "c7fcc2c1-7e95-4562-acc0-0d8013b775a8", "fields": {"date_created": "2024-10-28T20:43:37.359Z", "name": "akpu. ima"}}, {"model": "app.category", "pk": "edaa14af-9341-499d-b161-d8df1bbb4be6", "fields": {"date_created": "2024-10-28T20:44:28.837Z", "name": "akpu"}}, {"model": "app.productlist", "pk": "005ea533-d033-49df-b03f-ffd2916e152c", "fields": {"date_created": "2024-10-28T20:44:28.840Z", "user": ["user@gmail.com"], "name": "AIRPOD 3 PRO", "description": "nice air pod pro", "price": "120.00", "image": "product_images/man_10_wivdAB0.png", "confirmation_massage": "Product ordered !!!", "setting": {"quantity": 100, "uer_can_choose_quantity": true, "specs": {}}, "draft": false, "category": ["0762049a-a252-4848-b1f4-ae827b9bbe10", "edaa14af-9341-499d-b161-d8df1bbb4be6"]}}, {"model": "app.productlist", "pk": "4fe1e096-a2dd-494d-9505-0945f9948f52", "fields": {"date_created": "2024-10-28T20:46:43.499Z", "user": ["user@gmail.com"], "name": "AIRPOD 3 PRO", "description": "nice air pod pro", "price": "120.00", "image": "product_images/man_10_L9zln3n.png", "confirmation_massage": "Product ordered !!!", "setting": {"quantity": 100, "uer_can_choose_quantity": true, "specs": {}}, "draft": false, "category": ["0762049a-a252-4848-b1f4-ae827b9bbe10", "edaa14af-9341-499d-b161-d8df1bbb4be6"]}}, {"model": "app.productlist", "pk": "89f2389c-d77e-43d8-b54a-0895ff632f9d", "fields": {"date_created": "2024-10-28T20:14:13.694Z", "user": ["user@gmail.com"], "name": "AAAAKAMU", "description": "aaa", "price": "19.22", "image": "product_images/logo1_MlppNAQ.png", "confirmation_massage": "Product ordered !!!", "setting": "{price:22.3}", "draft": false, "category": ["0b62a9c4-31df-445d-9eb9-0ade5f8efd3b", "1a76b6dd-e0e1-40fc-b2ed-06b2dbd4066c", "1cb79fe9-e227-4b2e-8b56-f28ca29a4008", "3acd6ca2-c098-4d21-ad26-10276948bed5", "5947a09c-9ffe-4af8-9552-ee4e71be8935"]}}, {"model": "app.productlist", "pk": "8f9863fe-c6a3-4f9f-b2b4-ead7569f2346", "fields": {"date_created": "2024-10-28T20:06:23.215Z", "user": ["user@gmail.com"], "name": "AAAAKAMU", "description": "aaa", "price": "19.22", "image": "product_images/logo1_TTwj9qj.png", "confirmation_massage": "Product ordered !!!", "setting": {"quantity": 100, "uer_can_choose_quantity": true, "specs": {}}, "draft": false, "category": ["0b62a9c4-31df-445d-9eb9-0ade5f8efd3b", "1a76b6dd-e0e1-40fc-b2ed-06b2dbd4066c", "3acd6ca2-c098-4d21-ad26-10276948bed5", "49994b92-dd37-4178-afff-3d30fe612388", "5947a09c-9ffe-4af8-9552-ee4e71be8935"]}}, {"model": "app.productlist", "pk": "d55b8b88-e343-4d1f-a1a5-6a08b0827b69", "fields": {"date_created": "2024-10-28T20:43:37.390Z", "user": ["user@gmail.com"], "name": "AIRPOD 3 PRO", "description": "nice air pod pro", "price": "120.00", "image": "product_images/man_10.png", "confirmation_massage": "Product ordered !!!", "setting": {"quantity": 100, "uer_can_choose_quantity": true, "specs": {}}, "draft": false, "category": ["c7fcc2c1-7e95-4562-acc0-0d8013b775a8"]}}, {"model": "app.productlist", "pk": "d96a9ede-c06d-4565-a30b-004424dbf569", "fields": {"date_created": "2024-10-28T20:07:54.448Z", "user": ["user@gmail.com"], "name": "AAAAKAMU", "description": "aaa", "price": "19.22", "image": "product_images/logo1_z1iDriW.png", "confirmation_massage": "Product ordered !!!", "setting": {"quantity": 100, "uer_can_choose_quantity": true, "specs": {}}, "draft": false, "category": ["0b62a9c4-31df-445d-9eb9-0ade5f8efd3b", "1a76b6dd-e0e1-40fc-b2ed-06b2dbd4066c", "1cb79fe9-e227-4b2e-8b56-f28ca29a4008", "3acd6ca2-c098-4d21-ad26-10276948bed5", "5947a09c-9ffe-4af8-9552-ee4e71be8935"]}}, {"model": "app.productlist", "pk": "f14e02a5-7542-40e1-ac26-f77be6248c88", "fields": {"date_created": "2024-10-28T20:02:06.011Z", "user": ["user@gmail.com"], "name": "AKAMU", "description": "aaa", "price": "19.22", "image": "product_images/logo1.png", "confirmation_massage": "Product ordered !!!", "setting": {"quantity": 100, "uer_can_choose_quantity": true, "specs": {}}, "draft": false, "category": ["0b62a9c4-31df-445d-9eb9-0ade5f8efd3b", "1a76b6dd-e0e1-40fc-b2ed-06b2dbd4066c", "3acd6ca2-c098-4d21-ad26-10276948bed5", "49994b92-dd37-4178-afff-3d30fe612388", "5947a09c-9ffe-4af8-9552-ee4e71be8935"]}}, {"model": "app.productdiscount", "pk": "155eebfa-fc5b-4946-909d-99f1c5931c0d", "fields": {"date_created": "2024-10-28T22:32:33.877Z", "user": null, "title": "Health", "percentage_or_price": 539.99, "starting": "2024-10-28T22:32:33.877Z", "ending": "2029-10-25T14:30:00Z", "limit_quantity": false, "max_quantity": null, "discount_type": "price", "products": ["8f9863fe-c6a3-4f9f-b2b4-ead7569f2346", "f14e02a5-7542-40e1-ac26-f77be6248c88"]}}, {"model": "app.productdiscount", "pk": "4d4750d6-5ffc-40c2-bfa8-10f69daa07e4", "fields": {"date_created": "2024-10-28T22:32:39.947Z", "user": null, "title": "Kids", "percentage_or_price": 837.22, "starting": "2024-10-28T22:32:39.946Z", "ending": "2029-10-25T14:30:00Z", "limit_quantity": false, "max_quantity": null, "discount_type": "price", "products": ["8f9863fe-c6a3-4f9f-b2b4-ead7569f2346", "f14e02a5-7542-40e1-ac26-f77be6248c88"]}}, {"model": "app.productdiscount", "pk": "96dcff15-9161-4670-8ac8-6b0be1e65675", "fields": {"date_created": "2024-10-28T22:37:49.248Z", "user": ["user@gmail.com"], "title": "Electronics", "percentage_or_price": 130.54, "starting": "2024-10-28T22:37:49.247Z", "ending": "2029-10-25T14:30:00Z", "limit_quantity": false, "max_quantity": null, "discount_type": "price", "products": ["8f9863fe-c6a3-4f9f-b2b4-ead7569f2346", "f14e02a5-7542-40e1-ac26-f77be6248c88"]}}, {"model": "app.productdiscount", "pk": "9fff4d70-c4b3-4c9b-a0ba-0f0bf78073ef", "fields": {"date_created": "2024-10-28T22:37:46.495Z", "user": ["user@gmail.com"], "title": "Toys", "percentage_or_price": 811.08, "starting": "2024-10-28T22:37:46.495Z", "ending": "2029-10-25T14:30:00Z", "limit_quantity": false, "max_quantity": null, "discount_type": "price", "products": ["8f9863fe-c6a3-4f9f-b2b4-ead7569f2346", "f14e02a5-7542-40e1-ac26-f77be6248c88"]}}, {"model": "app.productdiscount", "pk": "bada9cf5-8d0b-4274-a702-06f038065050", "fields": {"date_created": "2024-10-28T22:32:41.938Z", "user": null, "title": "Books", "percentage_or_price": 483.21, "starting": "2024-10-28T22:32:41.938Z", "ending": "2029-10-25T14:30:00Z", "limit_quantity": false, "max_quantity": null, "discount_type": "price", "products": ["8f9863fe-c6a3-4f9f-b2b4-ead7569f2346", "f14e02a5-7542-40e1-ac26-f77be6248c88"]}}, {"model": "app.productdiscount", "pk": "c600d609-4b2b-4ead-8e7b-14b88d8284ef", "fields": {"date_created": "2024-10-28T22:32:37.414Z", "user": null, "title": "Home", "percentage_or_price": 30.76, "starting": "2024-10-28T22:32:37.414Z", "ending": "2029-10-25T14:30:00Z", "limit_quantity": false, "max_quantity": null, "discount_type": "price", "products": ["8f9863fe-c6a3-4f9f-b2b4-ead7569f2346", "f14e02a5-7542-40e1-ac26-f77be6248c88"]}}, {"model": "app.productdiscount", "pk": "ccbb399e-b080-4dee-8458-4dd5a220416c", "fields": {"date_created": "2024-10-28T22:25:57.941Z", "user": null, "title": "Automotive", "percentage_or_price": 554.79, "starting": "2024-10-28T22:25:57.940Z", "ending": "2029-10-25T14:30:00Z", "limit_quantity": false, "max_quantity": null, "discount_type": "price", "products": ["8f9863fe-c6a3-4f9f-b2b4-ead7569f2346", "f14e02a5-7542-40e1-ac26-f77be6248c88"]}}, {"model": "app.productdiscount", "pk": "ce90eb6c-aa7a-426a-a0b7-b65a89f18eb1", "fields": {"date_created": "2024-10-28T22:32:44.316Z", "user": null, "title": "Garden", "percentage_or_price": 246.63, "starting": "2024-10-28T22:32:44.315Z", "ending": "2029-10-25T14:30:00Z", "limit_quantity": false, "max_quantity": null, "discount_type": "price", "products": ["8f9863fe-c6a3-4f9f-b2b4-ead7569f2346", "f14e02a5-7542-40e1-ac26-f77be6248c88"]}}, {"model": "app.images", "pk": "048678c0-f0c0-4cdc-863a-fb6ab9b165fb", "fields": {"date_created": "2024-10-22T17:56:42.255Z", "user": ["user@gmail.com"], "image": "3f5b1c68-d017-4cfc-a5a2-511829b908fc.png"}}, {"model": "app.images", "pk": "12c777ac-5802-4633-bcf6-b45e230dce41", "fields": {"date_created": "2024-10-22T17:52:00.741Z", "user": ["user@gmail.com"], "image": "7b4aeb71-2238-4cff-9fca-c637b464be10.png"}}, {"model": "app.images", "pk": "1336df5a-12bc-49a0-8e24-cf2430077cb6", "fields": {"date_created": "2024-10-22T17:57:24.734Z", "user": ["user@gmail.com"], "image": "fc53a468-5bca-4c2b-a9d2-f4ffcd844b7f.png"}}, {"model": "app.images", "pk": "6cc22159-3366-48ca-93d7-f9d2b66bbb57", "fields": {"date_created": "2024-10-22T17:52:24.148Z", "user": ["user@gmail.com"], "image": "50be4e3e-8940-4552-8177-bdc09e7573bd.png"}}, {"model": "app.images", "pk": "93280dc9-e05f-4027-b563-0199edd08f42", "fields": {"date_created": "2024-10-22T17:58:11.103Z", "user": ["user@gmail.com"], "image": "images/1bad82d3-ba9c-4295-ac1d-f998ebf84c72.png"}}, {"model": "app.images", "pk": "9ad84645-29a0-4079-b293-8ed76ec4bc5c", "fields": {"date_created": "2024-10-22T17:52:07.932Z", "user": ["user@gmail.com"], "image": "505d695d-9bef-4151-b963-bdb603d4e47f.png"}}, {"model": "app.images", "pk": "aeef69db-47a6-4250-b02b-371a5a31fd6b", "fields": {"date_created": "2024-10-22T18:02:55.443Z", "user": ["user@gmail.com"], "image": "images/8e5882e0-dcb1-4a2c-b77d-0fa6c68784b7.png"}}, {"model": "app.images", "pk": "c66207b4-938d-492b-abb6-634f9b7c378d", "fields": {"date_created": "2024-10-22T18:01:42.334Z", "user": ["user@gmail.com"], "image": "images/8e9b2d94-2ea8-48b8-a2e0-847e1321cfb4.png"}}, {"model": "app.images", "pk": "e8df5716-e27a-4a47-bdea-f2dadf3c1dad", "fields": {"date_created": "2024-10-22T17:54:40.038Z", "user": ["user@gmail.com"], "image": "2c675f69-e809-410d-b8bf-bcf0f6d52c67.png"}}, {"model": "app.userpost", "pk": "466cb708-ba40-41dd-8dca-b69bee164226", "fields": {"date_created": "2024-10-22T17:52:00.758Z", "user": ["user@gmail.com"], "title": "The rev", "body": "the body", "scheduled": false, "scheduled_for": "2024-10-22T17:52:00.758Z", "draft": false, "exlusive": false, "images": ["12c777ac-5802-4633-bcf6-b45e230dce41"]}}, {"model": "app.userpost", "pk": "489554d3-3c15-4631-821b-7842352af0b8", "fields": {"date_created": "2024-10-22T17:56:42.258Z", "user": ["user@gmail.com"], "title": "The revaa", "body": "the bodya", "scheduled": false, "scheduled_for": "2024-10-22T17:56:42.257Z", "draft": false, "exlusive": false, "images": ["048678c0-f0c0-4cdc-863a-fb6ab9b165fb"]}}, {"model": "app.userpost", "pk": "54571efe-e1f9-4cfe-acb7-1e6cb1e0f4c8", "fields": {"date_created": "2024-10-22T17:58:11.106Z", "user": ["user@gmail.com"], "title": "The revaa", "body": "the bodya", "scheduled": false, "scheduled_for": "2024-10-22T17:58:11.105Z", "draft": false, "exlusive": false, "images": ["93280dc9-e05f-4027-b563-0199edd08f42"]}}, {"model": "app.userpost", "pk": "545eb933-9539-4e5e-829a-52fd866c25fe", "fields": {"date_created": "2024-10-22T17:54:40.040Z", "user": ["user@gmail.com"], "title": "The revaa", "body": "the bodya", "scheduled": false, "scheduled_for": "2024-10-22T17:54:40.039Z", "draft": false, "exlusive": false, "images": ["e8df5716-e27a-4a47-bdea-f2dadf3c1dad"]}}, {"model": "app.userpost", "pk": "5f94aee1-f701-488b-8745-47f91482906e", "fields": {"date_created": "2024-10-22T18:01:42.338Z", "user": ["user@gmail.com"], "title": "The revaa", "body": "the bodya", "scheduled": false, "scheduled_for": "2024-10-22T18:01:42.337Z", "draft": false, "exlusive": false, "images": ["c66207b4-938d-492b-abb6-634f9b7c378d"]}}, {"model": "app.userpost", "pk": "90504d46-c2eb-4da6-8465-244293540c6a", "fields": {"date_created": "2024-10-22T17:52:24.150Z", "user": ["user@gmail.com"], "title": "The revaa", "body": "the bodya", "scheduled": false, "scheduled_for": "2024-10-22T17:52:24.150Z", "draft": false, "exlusive": false, "images": ["6cc22159-3366-48ca-93d7-f9d2b66bbb57"]}}, {"model": "app.userpost", "pk": "b1ebf412-67bf-464b-bf39-5575ba351236", "fields": {"date_created": "2024-10-22T17:52:07.933Z", "user": ["user@gmail.com"], "title": "The revaa", "body": "the bodya", "scheduled": false, "scheduled_for": "2024-10-22T17:52:07.933Z", "draft": false, "exlusive": false, "images": ["9ad84645-29a0-4079-b293-8ed76ec4bc5c"]}}, {"model": "app.userpost", "pk": "c61b1e38-4d0b-4c5c-a464-ea8b40be1677", "fields": {"date_created": "2024-10-22T17:57:24.735Z", "user": ["user@gmail.com"], "title": "The revaa", "body": "the bodya", "scheduled": false, "scheduled_for": "2024-10-22T17:57:24.735Z", "draft": false, "exlusive": false, "images": ["1336df5a-12bc-49a0-8e24-cf2430077cb6"]}}, {"model": "app.userpost", "pk": "e1796621-13ab-46a1-a081-79bf0cccf6cf", "fields": {"date_created": "2024-10-22T18:02:55.448Z", "user": ["user@gmail.com"], "title": "The revaa", "body": "the bodya", "scheduled": false, "scheduled_for": "2024-10-22T18:02:55.448Z", "draft": false, "exlusive": false, "images": ["aeef69db-47a6-4250-b02b-371a5a31fd6b"]}}, {"model": "app.usermembership", "pk": "c4074455-470b-4b72-9135-7fbc2ba99da4", "fields": {"date_created": "2024-10-22T14:04:40.880Z", "user": ["user@gmail.com"], "name": "Premium Membership", "image": "", "rewards": [], "welcome_note": "Welcome to the Premium Membership plan!", "description": "This plan offers exclusive features and benefits for members.", "price_per_month": 29.99, "price_per_year": 299.99, "full_time": false, "max_members": 1000, "limit_members": false, "full_price": null}}, {"model": "app.comment", "pk": "760a055b-80b9-400b-9027-e7f8cf5f71f0", "fields": {"date_created": "2024-10-25T11:21:27.223Z", "object_id": "54571efe-e1f9-4cfe-acb7-1e6cb1e0f4c8", "email": "user@gmail.com", "text": "coding is fun", "object_name": "UserPost"}}, {"model": "app.comment", "pk": "cea25bea-d33d-40c9-8e3b-8b5b144a0d49", "fields": {"date_created": "2024-10-23T06:56:28.113Z", "object_id": "54571efe-e1f9-4cfe-acb7-1e6cb1e0f4c8", "email": "user@gmail.com", "text": "coding is fun", "object_name": "UserPost"}}, {"model": "app.reaction", "pk": "1db89129-b43b-45bc-b472-61586d5a4f34", "fields": {"date_created": "2024-10-25T11:37:41.950Z", "object_id": "54571efe-e1f9-4cfe-acb7-1e6cb1e0f4c8", "email": "user@gmail.com", "reaction": "smile", "object_name": "UserPost"}}]